id,Nodes,Tasks/Node,Threads/Task,Runtime Program / s,Scale,Plastic,Avg. Neuron Build Time / s,Min. Edge Build Time / s,Max. Edge Build Time / s,Min. Init. Time / s,Max. Init. Time / s,Presim. Time / s,Sim. Time / s,Virt. Memory (Sum) / kB,Local Spike Counter (Sum),Average Rate (Sum),Number of Neurons,Number of Connections,Min. Delay,Max. Delay
5,1,2,4,420.42,10,true,0.29,88.12,88.18,1.14,1.20,17.26,311.52,46560664.00,825499,7.48,112500,1265738500,1.5,1.5
5,1,4,4,200.84,10,true,0.15,46.03,46.34,0.70,1.01,7.87,142.97,46903088.00,802865,7.03,112500,1265738500,1.5,1.5
5,1,2,8,202.15,10,true,0.28,47.98,48.48,0.70,1.20,7.95,142.81,47699384.00,802865,7.03,112500,1265738500,1.5,1.5
5,1,4,8,89.57,10,true,0.15,20.41,23.21,0.23,3.04,3.19,60.31,46813040.00,821491,7.23,112500,1265738500,1.5,1.5
5,2,2,4,164.16,10,true,0.20,40.03,41.09,0.52,1.58,6.08,114.88,46937216.00,802865,7.03,112500,1265738500,1.5,1.5
5,2,4,4,77.68,10,true,0.13,20.93,21.22,0.16,0.46,3.12,52.05,47362064.00,821491,7.23,112500,1265738500,1.5,1.5
5,2,2,8,79.60,10,true,0.20,21.63,21.91,0.19,0.47,2.98,53.12,46847168.00,821491,7.23,112500,1265738500,1.5,1.5
5,2,4,8,37.20,10,true,0.13,10.08,11.60,0.10,1.63,1.24,23.29,47065232.00,818198,7.33,112500,1265738500,1.5,1.5
5,3,2,4,96.51,10,true,0.15,26.54,27.41,0.36,1.22,3.33,64.28,52256880.00,813743,7.27,112500,1265738500,1.5,1.5
5,3,4,4,46.33,10,true,0.11,13.40,13.73,0.07,0.40,1.34,29.07,52833096.00,831325,7.25,112500,1265738500,1.5,1.5
5,3,2,8,46.77,10,true,0.15,14.39,14.76,0.09,0.45,1.50,29.45,50929848.00,831325,7.25,112500,1265738500,1.5,1.5
5,3,4,8,23.46,10,true,0.12,6.62,7.45,0.12,0.94,0.89,14.04,59542536.00,813536,7.19,112500,1265738500,1.5,1.5
5,4,2,4,66.58,10,true,0.13,18.86,19.65,0.16,0.95,2.35,43.38,47361344.00,821491,7.23,112500,1265738500,1.5,1.5
5,4,4,4,32.49,10,true,0.09,9.98,10.31,0.09,0.41,1.12,20.12,48081056.00,818198,7.33,112500,1265738500,1.5,1.5
5,4,2,8,34.09,10,true,0.14,10.60,10.83,0.11,0.33,1.25,20.96,47074752.00,818198,7.33,112500,1265738500,1.5,1.5
5,4,4,8,18.37,10,true,0.09,4.92,5.76,0.05,0.89,0.58,11.00,56322464.00,837147,7.43,112500,1265738500,1.5,1.5
5,5,2,4,51.09,10,true,0.11,15.31,15.83,0.16,0.68,1.49,32.63,59202360.00,823858,7.30,112500,1265738500,1.5,1.5
5,5,4,4,26.21,10,true,0.29,8.18,8.52,0.05,0.39,0.82,15.45,60131432.00,814799,7.25,112500,1265738500,1.5,1.5
5,5,2,8,27.11,10,true,0.12,8.36,8.70,0.06,0.40,0.85,16.04,58864640.00,814799,7.25,112500,1265738500,1.5,1.5
5,5,4,8,14.74,10,true,0.10,4.03,4.49,0.05,0.52,0.56,8.63,70404520.00,810334,7.21,112500,1265738500,1.5,1.5
5,6,2,4,41.03,10,true,0.11,12.55,12.84,0.07,0.35,1.28,25.90,52832064.00,831325,7.25,112500,1265738500,1.5,1.5
5,6,4,4,20.64,10,true,0.10,6.57,6.78,0.05,0.26,0.62,12.25,61064112.00,813536,7.19,112500,1265738500,1.5,1.5
5,6,2,8,22.01,10,true,0.10,7.00,7.26,0.06,0.33,0.69,13.15,59541504.00,813536,7.19,112500,1265738500,1.5,1.5
5,6,4,8,12.64,10,true,0.11,3.27,3.75,0.04,0.53,0.42,7.69,62121264.00,808779,7.21,112500,1265738500,1.5,1.5
6,1,2,12,141.70,10,true,0.30,32.93,33.26,0.62,0.95,5.41,100.16,50148824.00,813743,7.27,112500,1265738500,1.5,1.5
6,1,4,12,55.46,10,true,0.15,16.77,17.56,0.11,0.91,1.68,34.60,50270128.00,831325,7.25,112500,1265738500,1.5,1.5
6,2,2,12,57.59,10,true,0.21,17.16,17.48,0.10,0.42,1.70,35.64,50306216.00,831325,7.25,112500,1265738500,1.5,1.5
6,2,4,12,25.38,10,true,0.14,7.94,8.58,0.08,0.72,1.23,14.43,59999408.00,813536,7.19,112500,1265738500,1.5,1.5
6,3,2,12,34.22,10,true,0.16,10.65,11.02,0.12,0.49,1.00,20.47,52566552.00,830270,7.45,112500,1265738500,1.5,1.5
6,3,4,12,16.65,10,true,0.14,5.26,5.46,0.05,0.26,0.50,9.10,62541000.00,802595,7.11,112500,1265738500,1.5,1.5
6,4,2,12,23.69,10,true,0.14,7.88,8.06,0.07,0.24,0.68,13.70,59993696.00,813536,7.19,112500,1265738500,1.5,1.5
6,4,4,12,12.13,10,true,0.11,3.71,3.83,0.05,0.17,0.42,6.96,60713696.00,808779,7.22,112500,1265738500,1.5,1.5
6,5,2,12,19.97,10,true,0.12,5.94,6.15,0.06,0.27,0.58,11.26,52935840.00,815299,7.14,112500,1265738500,1.5,1.5
6,5,4,12,10.26,10,true,0.10,2.99,3.05,0.04,0.10,0.33,5.69,62999240.00,812757,7.20,112500,1265738500,1.5,1.5
6,6,2,12,16.67,10,true,0.13,5.13,5.30,0.05,0.21,0.50,9.86,62542480.00,802595,7.11,112500,1265738500,1.5,1.5
6,6,4,12,8.30,10,true,0.09,2.47,2.51,0.04,0.08,0.27,4.78,65537712.00,822967,7.26,112500,1265738500,1.5,1.5
